"File","Lines","Bytes","Modified"
"D:\IMS\3\inventory-management-system-full-project\backend\app\__init__.py","1","31","28-04-2026 04:21:32"
"D:\IMS\3\inventory-management-system-full-project\backend\app\config.py","129","5252","28-04-2026 04:21:32"
"D:\IMS\3\inventory-management-system-full-project\backend\app\database.py","28","933","28-04-2026 04:21:32"
"D:\IMS\3\inventory-management-system-full-project\backend\app\dependencies.py","118","4622","28-04-2026 04:21:32"
"D:\IMS\3\inventory-management-system-full-project\backend\app\logging_setup.py","65","2726","28-04-2026 04:21:32"
"D:\IMS\3\inventory-management-system-full-project\backend\app\main.py","213","9059","28-04-2026 04:21:32"
"D:\IMS\3\inventory-management-system-full-project\backend\app\middleware\__init__.py","15","612","28-04-2026 04:21:32"
"D:\IMS\3\inventory-management-system-full-project\backend\app\middleware\api_version.py","20","1046","28-04-2026 04:21:32"
"D:\IMS\3\inventory-management-system-full-project\backend\app\middleware\audit_trail.py","90","4113","28-04-2026 04:21:32"
"D:\IMS\3\inventory-management-system-full-project\backend\app\middleware\csrf.py","48","2219","28-04-2026 04:21:32"
"D:\IMS\3\inventory-management-system-full-project\backend\app\middleware\https_redirect.py","13","782","28-04-2026 04:21:32"
"D:\IMS\3\inventory-management-system-full-project\backend\app\middleware\request_context.py","22","1269","28-04-2026 04:21:32"
"D:\IMS\3\inventory-management-system-full-project\backend\app\middleware\security.py","29","1548","28-04-2026 04:21:32"
"D:\IMS\3\inventory-management-system-full-project\backend\app\models\__init__.py","59","1400","28-04-2026 04:21:32"
"D:\IMS\3\inventory-management-system-full-project\backend\app\models\company.py","46","2574","28-04-2026 04:21:32"
"D:\IMS\3\inventory-management-system-full-project\backend\app\models\customer.py","49","2975","28-04-2026 04:21:32"
"D:\IMS\3\inventory-management-system-full-project\backend\app\models\customization_option.py","23","1362","28-04-2026 04:21:32"
"D:\IMS\3\inventory-management-system-full-project\backend\app\models\inventory_count.py","45","2908","28-04-2026 04:21:32"
"D:\IMS\3\inventory-management-system-full-project\backend\app\models\payment.py","41","2666","28-04-2026 04:21:32"
"D:\IMS\3\inventory-management-system-full-project\backend\app\models\product.py","72","4335","28-04-2026 04:21:32"
"D:\IMS\3\inventory-management-system-full-project\backend\app\models\purchase.py","135","8638","28-04-2026 04:21:32"
"D:\IMS\3\inventory-management-system-full-project\backend\app\models\sales.py","194","12451","28-04-2026 04:21:32"
"D:\IMS\3\inventory-management-system-full-project\backend\app\models\supplier.py","43","2495","28-04-2026 04:21:32"
"D:\IMS\3\inventory-management-system-full-project\backend\app\models\user.py","31","1612","28-04-2026 04:21:32"
"D:\IMS\3\inventory-management-system-full-project\backend\app\rate_limit.py","8","272","28-04-2026 04:21:32"
"D:\IMS\3\inventory-management-system-full-project\backend\app\routers\__init__.py","3","322","28-04-2026 04:21:32"
"D:\IMS\3\inventory-management-system-full-project\backend\app\routers\archive.py","164","6754","28-04-2026 04:21:32"
"D:\IMS\3\inventory-management-system-full-project\backend\app\routers\auth.py","314","10192","28-04-2026 04:21:32"
"D:\IMS\3\inventory-management-system-full-project\backend\app\routers\company.py","199","8527","28-04-2026 04:21:32"
"D:\IMS\3\inventory-management-system-full-project\backend\app\routers\compliance.py","204","8677","28-04-2026 04:21:32"
"D:\IMS\3\inventory-management-system-full-project\backend\app\routers\customers.py","717","28009","28-04-2026 04:21:32"
"D:\IMS\3\inventory-management-system-full-project\backend\app\routers\payments.py","579","28518","28-04-2026 04:21:32"
"D:\IMS\3\inventory-management-system-full-project\backend\app\routers\products.py","464","19989","28-04-2026 04:21:32"
"D:\IMS\3\inventory-management-system-full-project\backend\app\routers\purchase.py","1039","49655","28-04-2026 04:21:32"
"D:\IMS\3\inventory-management-system-full-project\backend\app\routers\reports.py","2907","127891","28-04-2026 04:21:32"
"D:\IMS\3\inventory-management-system-full-project\backend\app\routers\sales.py","1833","81058","28-04-2026 04:21:32"
"D:\IMS\3\inventory-management-system-full-project\backend\app\routers\stock.py","926","37557","28-04-2026 04:21:32"
"D:\IMS\3\inventory-management-system-full-project\backend\app\routers\suppliers.py","521","20237","28-04-2026 04:21:32"
"D:\IMS\3\inventory-management-system-full-project\backend\app\routers\users.py","199","7989","28-04-2026 04:21:32"
"D:\IMS\3\inventory-management-system-full-project\backend\app\schemas\__init__.py","117","2926","28-04-2026 04:21:32"
"D:\IMS\3\inventory-management-system-full-project\backend\app\schemas\auth.py","48","1770","28-04-2026 04:21:32"
"D:\IMS\3\inventory-management-system-full-project\backend\app\schemas\company.py","76","2766","28-04-2026 04:21:32"
"D:\IMS\3\inventory-management-system-full-project\backend\app\schemas\customer.py","173","7839","28-04-2026 04:21:32"
"D:\IMS\3\inventory-management-system-full-project\backend\app\schemas\payment.py","25","855","28-04-2026 04:21:32"
"D:\IMS\3\inventory-management-system-full-project\backend\app\schemas\product.py","116","4380","28-04-2026 04:21:32"
"D:\IMS\3\inventory-management-system-full-project\backend\app\schemas\purchase.py","68","2877","28-04-2026 04:21:32"
"D:\IMS\3\inventory-management-system-full-project\backend\app\schemas\sales.py","146","4596","28-04-2026 04:21:32"
"D:\IMS\3\inventory-management-system-full-project\backend\app\schemas\stock.py","110","3923","28-04-2026 04:21:32"
"D:\IMS\3\inventory-management-system-full-project\backend\app\schemas\supplier.py","102","3967","28-04-2026 04:21:32"
"D:\IMS\3\inventory-management-system-full-project\backend\app\schemas\user.py","49","1656","28-04-2026 04:21:32"
"D:\IMS\3\inventory-management-system-full-project\backend\app\services\__init__.py","1","32","28-04-2026 04:21:32"
"D:\IMS\3\inventory-management-system-full-project\backend\app\services\audit_service.py","326","12870","28-04-2026 04:21:32"
"D:\IMS\3\inventory-management-system-full-project\backend\app\services\auth_service.py","183","7219","28-04-2026 04:21:32"
"D:\IMS\3\inventory-management-system-full-project\backend\app\services\data_masking.py","64","2381","28-04-2026 04:21:32"
"D:\IMS\3\inventory-management-system-full-project\backend\app\services\encryption.py","43","1667","28-04-2026 04:21:32"
"D:\IMS\3\inventory-management-system-full-project\backend\app\services\gst_service.py","316","14245","28-04-2026 04:21:32"
"D:\IMS\3\inventory-management-system-full-project\backend\app\services\order_number_service.py","82","3534","28-04-2026 04:21:32"
"D:\IMS\3\inventory-management-system-full-project\backend\app\services\pdf_service.py","1414","78209","28-04-2026 04:21:32"
"D:\IMS\3\inventory-management-system-full-project\backend\app\services\stock_service.py","106","3775","28-04-2026 04:21:32"
"D:\IMS\3\inventory-management-system-full-project\backend\app\utils\__init__.py","1","26","28-04-2026 04:21:32"
"D:\IMS\3\inventory-management-system-full-project\backend\app\utils\input_validation.py","32","1528","28-04-2026 04:21:32"
"D:\IMS\3\inventory-management-system-full-project\backend\app\utils\seed.py","127","5493","28-04-2026 04:21:32"
"D:\IMS\3\inventory-management-system-full-project\backend\app\utils\state_mappings.py","92","3464","28-04-2026 04:21:32"
"D:\IMS\3\inventory-management-system-full-project\backend\run_migration.py","352","21372","28-04-2026 04:21:32"
"D:\IMS\3\inventory-management-system-full-project\backend\setup_db.py","11","423","28-04-2026 04:21:32"
"D:\IMS\3\inventory-management-system-full-project\backend\verify_columns.py","30","1180","28-04-2026 04:21:32"
"D:\IMS\3\inventory-management-system-full-project\CHANGES.md","397","17673","28-04-2026 04:21:32"
"D:\IMS\3\inventory-management-system-full-project\database\01_schema.sql","731","30984","28-04-2026 04:21:32"
"D:\IMS\3\inventory-management-system-full-project\database\02_seed_data.sql","29","1103","28-04-2026 04:21:32"
"D:\IMS\3\inventory-management-system-full-project\database\03_queries.sql","55","3150","28-04-2026 04:21:32"
"D:\IMS\3\inventory-management-system-full-project\database\04_inventory_count_modules.sql","56","2518","28-04-2026 04:21:32"
"D:\IMS\3\inventory-management-system-full-project\database\05_customer_payment_terms_optional.sql","8","264","28-04-2026 04:21:32"
"D:\IMS\3\inventory-management-system-full-project\database\06_company_country_field.sql","6","204","28-04-2026 04:21:32"
"D:\IMS\3\inventory-management-system-full-project\database\07_company_ambassador_logo_field.sql","6","263","28-04-2026 04:21:32"
"D:\IMS\3\inventory-management-system-full-project\database\08_action_logs_rotation.sql","32","1645","28-04-2026 04:21:32"
"D:\IMS\3\inventory-management-system-full-project\database\08_inventory_count_difference_actions.sql","24","1164","28-04-2026 04:21:32"
"D:\IMS\3\inventory-management-system-full-project\database\09_security_update1.sql","13","446","28-04-2026 04:21:32"
"D:\IMS\3\inventory-management-system-full-project\database\10_security_update2.sql","104","3010","28-04-2026 04:21:32"
"D:\IMS\3\inventory-management-system-full-project\database\11_gst_report_audit_logs.sql","23","923","28-04-2026 04:21:32"
"D:\IMS\3\inventory-management-system-full-project\database\ALL_UPDATES.sql","127","6120","28-04-2026 04:21:32"
"D:\IMS\3\inventory-management-system-full-project\database\ALL_UPDATES_03.sql","217","11372","28-04-2026 04:21:32"
"D:\IMS\3\inventory-management-system-full-project\database\ALL_UPDATES_2.sql","365","18074","28-04-2026 04:21:32"
"D:\IMS\3\inventory-management-system-full-project\database\CLEAR_ALL_DATA.sql","21","820","28-04-2026 04:21:32"
"D:\IMS\3\inventory-management-system-full-project\database\README.md","63","3244","28-04-2026 04:21:32"
"D:\IMS\3\inventory-management-system-full-project\database\VERIFY_ALL_TABLES_CLEARED.sql","46","1350","28-04-2026 04:21:32"
"D:\IMS\3\inventory-management-system-full-project\docs\BACKEND_UPDATES.md","175","6452","28-04-2026 04:21:32"
"D:\IMS\3\inventory-management-system-full-project\docs\BACKEND_UPDATES_2.md","1459","81414","28-04-2026 04:21:32"
"D:\IMS\3\inventory-management-system-full-project\docs\DATABASE_UPDATES.md","124","5200","28-04-2026 04:21:32"
"D:\IMS\3\inventory-management-system-full-project\docs\DATABASE_UPDATES_2.md","780","34222","28-04-2026 04:21:32"
"D:\IMS\3\inventory-management-system-full-project\docs\design\DESIGN_SYSTEM_MASTER.md","434","17051","28-04-2026 04:21:32"
"D:\IMS\3\inventory-management-system-full-project\docs\FRONTEND_UPDATES.md","211","8472","28-04-2026 04:21:32"
"D:\IMS\3\inventory-management-system-full-project\docs\FRONTEND_UPDATES_2.md","1771","89351","28-04-2026 04:21:32"
"D:\IMS\3\inventory-management-system-full-project\docs\guides\CODING_STANDARDS.md","374","12232","28-04-2026 04:21:32"
"D:\IMS\3\inventory-management-system-full-project\docs\guides\DATABASE.md","239","7595","28-04-2026 04:21:32"
"D:\IMS\3\inventory-management-system-full-project\docs\guides\FIRST_TIME_SETUP_CHECKLIST.md","184","7445","28-04-2026 04:21:32"
"D:\IMS\3\inventory-management-system-full-project\docs\guides\SETUP.md","176","5583","28-04-2026 04:21:32"
"D:\IMS\3\inventory-management-system-full-project\docs\INDEX.md","138","7443","28-04-2026 04:21:32"
"D:\IMS\3\inventory-management-system-full-project\docs\MASTER_DATA_PRODUCTION_UPDATE.md","406","17285","28-04-2026 04:21:32"
"D:\IMS\3\inventory-management-system-full-project\docs\PO_MULTIPLE_ITEMS_FEATURE.md","422","19201","28-04-2026 04:21:32"
"D:\IMS\3\inventory-management-system-full-project\docs\PURCHASE_MODULE_FIELD_CORRECTIONS.md","469","28098","28-04-2026 04:21:32"
"D:\IMS\3\inventory-management-system-full-project\docs\TOAST_NOTIFICATIONS_IMPLEMENTATION.md","321","13208","28-04-2026 04:21:32"
"D:\IMS\3\inventory-management-system-full-project\docs\workflows\WF_01_AUTH.md","100","5032","28-04-2026 04:21:32"
"D:\IMS\3\inventory-management-system-full-project\docs\workflows\WF_02_MASTERS.md","157","6943","28-04-2026 04:21:32"
"D:\IMS\3\inventory-management-system-full-project\docs\workflows\WF_03_PURCHASE.md","179","7509","28-04-2026 04:21:32"
"D:\IMS\3\inventory-management-system-full-project\docs\workflows\WF_04_SALES.md","238","10622","28-04-2026 04:21:32"
"D:\IMS\3\inventory-management-system-full-project\docs\workflows\WF_05_PAYMENTS.md","151","5988","28-04-2026 04:21:32"
"D:\IMS\3\inventory-management-system-full-project\docs\workflows\WF_06_REPORTS.md","167","7131","28-04-2026 04:21:32"
"D:\IMS\3\inventory-management-system-full-project\frontend\.eslintrc.json","24","595","28-04-2026 04:21:32"
"D:\IMS\3\inventory-management-system-full-project\frontend\package.json","44","1296","28-04-2026 04:21:32"
"D:\IMS\3\inventory-management-system-full-project\frontend\package-lock.json","5517","203024","28-04-2026 04:21:32"
"D:\IMS\3\inventory-management-system-full-project\frontend\src\api\archive.ts","46","1424","28-04-2026 04:21:32"
"D:\IMS\3\inventory-management-system-full-project\frontend\src\api\auth.ts","51","1560","28-04-2026 04:21:32"
"D:\IMS\3\inventory-management-system-full-project\frontend\src\api\client.ts","198","7664","28-04-2026 04:21:32"
"D:\IMS\3\inventory-management-system-full-project\frontend\src\api\company.ts","41","1679","28-04-2026 04:21:32"
"D:\IMS\3\inventory-management-system-full-project\frontend\src\api\customers.ts","69","2699","28-04-2026 04:21:32"
"D:\IMS\3\inventory-management-system-full-project\frontend\src\api\payments.ts","119","3822","28-04-2026 04:21:32"
"D:\IMS\3\inventory-management-system-full-project\frontend\src\api\products.ts","88","3146","28-04-2026 04:21:32"
"D:\IMS\3\inventory-management-system-full-project\frontend\src\api\purchase.ts","252","8151","28-04-2026 04:21:32"
"D:\IMS\3\inventory-management-system-full-project\frontend\src\api\reports.ts","439","12241","28-04-2026 04:21:32"
"D:\IMS\3\inventory-management-system-full-project\frontend\src\api\sales.ts","276","8903","28-04-2026 04:21:32"
"D:\IMS\3\inventory-management-system-full-project\frontend\src\api\stock.ts","159","6048","28-04-2026 04:21:32"
"D:\IMS\3\inventory-management-system-full-project\frontend\src\api\suppliers.ts","63","2385","28-04-2026 04:21:32"
"D:\IMS\3\inventory-management-system-full-project\frontend\src\api\users.ts","33","1393","28-04-2026 04:21:32"
"D:\IMS\3\inventory-management-system-full-project\frontend\src\App.tsx","280","10669","28-04-2026 04:21:32"
"D:\IMS\3\inventory-management-system-full-project\frontend\src\components\AppLayout.tsx","456","21580","28-04-2026 04:21:32"
"D:\IMS\3\inventory-management-system-full-project\frontend\src\components\ConfirmDialogHost.tsx","91","3199","28-04-2026 04:21:32"
"D:\IMS\3\inventory-management-system-full-project\frontend\src\components\PageState.tsx","24","802","28-04-2026 04:21:32"
"D:\IMS\3\inventory-management-system-full-project\frontend\src\hooks\usePermissions.ts","31","1136","28-04-2026 04:21:32"
"D:\IMS\3\inventory-management-system-full-project\frontend\src\index.css","88","2714","28-04-2026 04:21:32"
"D:\IMS\3\inventory-management-system-full-project\frontend\src\main.tsx","16","487","28-04-2026 04:21:32"
"D:\IMS\3\inventory-management-system-full-project\frontend\src\pages\CategoriesPage.tsx","296","13263","28-04-2026 04:21:32"
"D:\IMS\3\inventory-management-system-full-project\frontend\src\pages\CompanyPage.tsx","513","25573","28-04-2026 04:21:32"
"D:\IMS\3\inventory-management-system-full-project\frontend\src\pages\CustomersPage.tsx","1282","62504","28-04-2026 04:21:32"
"D:\IMS\3\inventory-management-system-full-project\frontend\src\pages\DashboardPage.tsx","306","16692","28-04-2026 04:21:32"
"D:\IMS\3\inventory-management-system-full-project\frontend\src\pages\GRNPage.tsx","1136","64099","28-04-2026 04:21:32"
"D:\IMS\3\inventory-management-system-full-project\frontend\src\pages\InventoryCountDifferencePage.tsx","327","16261","28-04-2026 04:21:32"
"D:\IMS\3\inventory-management-system-full-project\frontend\src\pages\InventoryCountPage.tsx","518","21376","28-04-2026 04:21:32"
"D:\IMS\3\inventory-management-system-full-project\frontend\src\pages\InvoicesPage.tsx","999","55276","28-04-2026 04:21:32"
"D:\IMS\3\inventory-management-system-full-project\frontend\src\pages\LoginPage.tsx","262","11196","28-04-2026 04:21:32"
"D:\IMS\3\inventory-management-system-full-project\frontend\src\pages\PayablesPage.tsx","585","33070","28-04-2026 04:21:32"
"D:\IMS\3\inventory-management-system-full-project\frontend\src\pages\ProductsPage.tsx","856","44085","28-04-2026 04:21:32"
"D:\IMS\3\inventory-management-system-full-project\frontend\src\pages\PurchaseOrderPage.tsx","996","51287","28-04-2026 04:21:32"
"D:\IMS\3\inventory-management-system-full-project\frontend\src\pages\QuotationsPage.tsx","534","28051","28-04-2026 04:21:32"
"D:\IMS\3\inventory-management-system-full-project\frontend\src\pages\ReceivablesPage.tsx","352","22718","28-04-2026 04:21:32"
"D:\IMS\3\inventory-management-system-full-project\frontend\src\pages\ReportsPage.tsx","1311","78826","28-04-2026 04:21:32"
"D:\IMS\3\inventory-management-system-full-project\frontend\src\pages\StockPage.tsx","144","7869","28-04-2026 04:21:32"
"D:\IMS\3\inventory-management-system-full-project\frontend\src\pages\SuppliersPage.tsx","1102","52679","28-04-2026 04:21:32"
"D:\IMS\3\inventory-management-system-full-project\frontend\src\pages\UsersPage.tsx","310","14307","28-04-2026 04:21:32"
"D:\IMS\3\inventory-management-system-full-project\frontend\src\routes\ProtectedRoute.tsx","66","2280","28-04-2026 04:21:32"
"D:\IMS\3\inventory-management-system-full-project\frontend\src\store\auth.ts","42","1011","28-04-2026 04:21:32"
"D:\IMS\3\inventory-management-system-full-project\frontend\src\types\index.ts","310","9034","28-04-2026 04:21:32"
"D:\IMS\3\inventory-management-system-full-project\frontend\src\utils\apiError.ts","46","1324","28-04-2026 04:21:32"
"D:\IMS\3\inventory-management-system-full-project\frontend\src\utils\date.ts","40","1465","28-04-2026 04:21:32"
"D:\IMS\3\inventory-management-system-full-project\frontend\src\utils\numberInput.ts","6","188","28-04-2026 04:21:32"
"D:\IMS\3\inventory-management-system-full-project\frontend\src\utils\toast.ts","50","1321","28-04-2026 04:21:32"
"D:\IMS\3\inventory-management-system-full-project\frontend\src\utils\toastHelper.ts","121","3334","28-04-2026 04:21:32"
"D:\IMS\3\inventory-management-system-full-project\frontend\src\utils\url_utils.ts","38","1443","28-04-2026 04:21:32"
"D:\IMS\3\inventory-management-system-full-project\frontend\src\vite-env.d.ts","1","39","28-04-2026 04:21:32"
"D:\IMS\3\inventory-management-system-full-project\frontend\tailwind.config.ts","62","1408","28-04-2026 04:21:32"
"D:\IMS\3\inventory-management-system-full-project\frontend\tsconfig.json","25","703","28-04-2026 04:21:32"
"D:\IMS\3\inventory-management-system-full-project\frontend\tsconfig.node.json","10","223","28-04-2026 04:21:32"
"D:\IMS\3\inventory-management-system-full-project\frontend\vite.config.ts","15","366","28-04-2026 04:21:32"
"D:\IMS\3\inventory-management-system-full-project\MASTER_SPEC.md","1355","62451","28-04-2026 04:21:32"
"D:\IMS\3\inventory-management-system-full-project\README.md","134","3820","28-04-2026 04:21:32"
"D:\IMS\3\inventory-management-system-full-project\setup_db.py","184","8310","28-04-2026 04:21:32"
"D:\IMS\3\inventory-management-system-full-project\verify_prerequisites.py","118","4246","28-04-2026 04:21:32"
